streetmoe_1hcmwba.jpeg,16NeQDhjV1hH1_1KuxxlDFmZwN3MZTHH5,awenime_1hex1lr.jpeg,1CjUMVwQlfKWW-P8QgKD7R4lPCz5rFbWX
fantasymoe_1gxytx3.jpeg,1wfXJANO417WayymQUplcL-5lTAyYoBLG,fantasymoe_1fq9q41.jpeg,1ocfIn1-Uv5hdXbOzX_csvt0vqao5riar
awwnime_1gscewd.jpeg,1BOS5W0-04ue1X0SztvVM62sWxsuvL2rl,awwnime_1fkz3vt.jpeg,1eKpIM5SHlTVAopAB3PTK8qQc1lf8KwH-
winterwaifus_1g98dse.jpeg,1vnchevPBf-I-cBgbIaIOLXP34oL3ZGdF,awwnime_1g5ejcz.png,1qG4kx6oJ0d5NZvrvE4o_VicPLLhep7aC
winterwaifus_1gc3uu4.jpeg,1lsZdPIL5HnUItBhbv9yuEf_oYhjLAtaA,winterwaifus_1fdd4is.jpeg,1SmGMCRec2_RoJldoAGjMTM-iXyDAKssS
streetmoe_1g5o6nu.jpeg,1_l_qBeIkpI4U2IxQjG4BeCZscwAMcBPz,streetmoe_1i12vkz.jpeg,1Cg6KCrgEsY4SWIiPV4uqKPxI3c7MJ-x-
kemonomimi_1fphbax.jpeg,1GqDYwLq0HLnoyhgwxjWWyT5aRPqUwKMH,kemonomimi_1fg0eel.jpeg,1CvMYckW05qXX2nIFgV1qws50qEMv0Swt
streetmoe_1fll21z.jpeg,1UKOanSvduC2oAPeZCdsqwzoZee7pgzyp,streetmoe_1le379j.jpeg,1YfbgZG1PJ96qoC7pN-CUDYSMb98Sqrm0
awwnime_1f8gtg5.jpeg,1bqc_uJHvbO_9YRv8jDlM7G5E1dQmFTqX,silverhair-qao4z5.jpg,1ZZok8LDmzr6RStDGbgHwXEa1jNCsOC2X
Animewallpaper_1exm0qy.jpeg,1R22Dhz7F3gJ5jbPMiXy3nI2fd3Hj2jES,awwnime_1enjzok.jpeg,1uBBYfc07eoolMefZkdo6BoaTl2OdDzbd
silverhair_1etdce5.jpeg,1WjihgDUZh349ji1Ns7vRnwFg0PU5myLt,silverhair_1ifnl4z.jpeg,1L3poZjjPvToj-qajQel-LhgWXQc-efQp
formalwaifus_1eujwi7.jpeg,1WFKkvc_E9vgqi_S1vldlslBvH23t4d4n,silverhair-1abe4hh.jpeg,15s1WYsSJloXbh3eVoHPgk9uYmC8hsA1K
streetmoe_1ee7nne.jpeg,1m15MdBE55c-bXKmQLw20UTSQns7kMgt1,awwnime-1ee7oig.jpeg,1ljFmeBmZXehjgkMj0uZcVyZTlCHEh18b
streetmoe_1e422ls.jpeg,1d-Ec0WTQ4k2OHyVh3gQ351Ee99HSCBY2,streetmoe-t2ythw.jpg,1EY5MTb6-NbNvj0VUPRG58U80IVL4v2uW
AnimeHoodies_1e73a8h.jpeg,1DW1gbjsHowm6dbXcf0SdwXbHrBuzrx7e,AnimeHoodies-1b3puff.jpeg,17tk17XP5tgTYBOO5fzQezE1Evvjza36w
formalwaifus-1cp3c3y.jpeg,1LxPKvcaMb91n2I3jSE-KMT_2JtvXz513,formalwaifus-1bpnvbh.jpeg,1n-Bh9oUKEstBgj_Fs_1koGpvGLxfJpOu
Animewallpaper-1bz2jim1.jpeg,16d5gb8XIuiSgC3LXmQJ5FgoqwwHdOO0j,formalwaifus-1b4ea6z.jpeg,1vH5V0rfWFtN391SLo9hze9Cwl-j34wnA
fantasymoe-1bxbfq9.jpeg,1uOAllJVwi_ZdVHnTxKnx35_58XCWrUdq,awwnime-18mpt1i.jpeg,1epHYApwpx_KVG9i9QDCOOWWzZ0dxiDgZ
awwnime-1bosd51.jpeg,1oKN52Loci-MSESLdKYX0WcWwT7TMZ9vk,awwnime-1bn1ox4.jpeg,1BAlJSABiE6pbU87Pkg2nKZOMVRp9T-MR
streetmoe-1bk768q.jpeg,1GnemQkw70hWj9COFoDKIS1xJeyq_a5SJ,streetmoe_1jgyjqg.jpeg,1fZ6JiphK-eo6rhoEEGj7ay2e13EOnMbY
AnimeHoodies-1bk96g0.jpeg,1Im4wPJ6JMmHL0RHmcVEkfFA5litycxfL,AnimeHoodies-1akv7r2.jpeg,1BSgIaICpz97hO-NCPZYsPNymzENcn5RW
streetmoe-1ae52id.jpeg,1502SZTLjKwC2uKCGu0jFQhTRwktSxk_Y,silverhair-151x71i.jpeg,1gkbbkDgfHZVM9fQC_dtb63yMqPJWk02V
silverhair-19bqyq1.jpeg,1kqCp7y0sGEsOUgzkAQu14GBqWgA7h5Qg,silverhair-vzt1kj.jpg,10JBNRyZNZId55rLDBIz7vImT4r1LFhQN
awenime-17bi84n.png,1pS9eKwJ38mbP5YMlh2PECDzb9dhUcu3B,fantasymoe-178ayu3.jpeg,1xUaPtMVVFtuUNmo2ICn6fQCwmmu9uo1U
streetmoe-17cipfw.jpeg,1J4QIcjmT8jPFA5LhIU0zDorkn1KHx_ZH,silverhair-15lkxlp.jpeg,1afNyJnvLPDSckeaRTGodCeYXxzuRdFbK
MoeStash-16oymk6.png,17Fdu8sJHqlrNGga7PnBbMd04nDv14xhl,awenime-16ebuej.png,1H5GTYjnbbUNgcdieVWxZhmRVFhMxeE_P
streetmoe-15s7gc0.jpeg,1-X2ZIbUCuBYphLlLOSBh8a1dFv070AXR,FGOfanart-srqxjv.jpg,1axyXYsv2W-nBs88vEtmGGvAL5xpcaOLG
awwnime-15va0z4.jpeg,1e9Ea1IcjQX_bZdBKAku0zGf12sznbUM1,Joshi_Kosei-14cdiq0.jpeg,1-JNjle10pVBySdG0gU4gwNw--pdu0OS3
awenime-14bg72s.jpeg,1lNXl2C68duOeAMnur0h-fnGQcoxI2NPT,streetmoe-144isw4.jpeg,1wta9jql3xoH6bOymFbH61B0734sVI8p6
awwnime-142zz63.jpeg,16mrpT36tO5ha5MfYQTyj99qf8y6QZl6d,shorthairedwaifus-rxt7mp.jpg,12_hkJog4f-8G0jN5Mz_A9o1UFXk8WGWf
Patchuu-13tvk06.jpeg,113t95DQCE0KeYgNSvpExeV8Lvh7ICAiS,kemonomimi-13tvkmk.jpeg,16Gd6zI7md_STt_SgRvvNftXGmD3hqhf6
awwnime-13wz0fc.jpeg,1UVBKT-VQjixSjeemSBpF8dU4yJeVl0vY,Animewallpaper-s4x0e9.jpg,1x1PNGUr2jpboeeoS5skecKx6kJ99baHO
ZettaiRyouiki-13r8wji.jpeg,198m6cjpDzR1QQtzq5EBhWQ4N5AVtZGoc,fantasymoe-rus29w.jpg,1sVNO4JbjM26TbupfHEhsgSkMfygSkVpa
awwnime-13sjql9.jpeg,1hemqlliZMoJ7inGWetaFKllzz3dGHzkS,streetmoe-13k5etm.jpeg,1pSGqcQ7J4ZxgixseLobTHJfHp48agECB
awenime-12z3uul.jpeg,1ZrwN0eUxVO7kBm9FmYMVLRRJXNmE1u0L,streetmoe-12vbmwy.jpeg,18MVf0PRbi_cxFnDHeAkHmlRBHdmnndvT
awwnime-128axge.jpeg,1vj9G9LGg_stt5nLZNOcRaudjtchmFLXi,formalwaifus-11lxaxz.jpg,1GRZBidfOm4YmPabkZPaJSe0VgrJ-Ppx2
awwnime-128axge.jpeg,1vj9G9LGg_stt5nLZNOcRaudjtchmFLXi,formalwaifus-s3o8ld.jpg,1uYfeT8rf35HpAPuhaj92kg0sHtFBo3NB
formalwaifus-11lxaxz.jpg,1GRZBidfOm4YmPabkZPaJSe0VgrJ-Ppx2,formalwaifus-s3o8ld.jpg,1uYfeT8rf35HpAPuhaj92kg0sHtFBo3NB
streetmoe-118kdqn.jpg,19BXLhUiPGFbmz5P65_7HJBk1IWI-RljK,streetmoe-vqiiyq.jpg,1zCzY5bsqmkF32TGRSvBItWbnPV5EN5Xk
streetmoe-10egnpz.jpg,11QzK1S4VMN8HmlmrIrxOiugcG781fjqH,streetmoe-sal50g.jpg,1_yQpeFqjB8_FlEN0E-_hXCsh1xTnVHXn
animeponytails-10gb7dn.jpg,1mTntb0rBEsMU6C2JAmHlJXcxoPRfqrtk,animeponytails-tppwml.jpg,1Yvg31bjhAAwb3FsInWLZkKzIorHLU09G
formalwaifus-zbehoq.jpg,1rxQ2ZfyAociNtBOFSGhk-B14Q0DWQVjI,Animewallpaper-w2l7qa.jpg,1xCV0k8sHFy9dm-EgXpo0mnnHMfSElivS
twintails-z242ym.jpg,1paz1F46Qp2UUYqVDf5rHqr7UdVHRLOkU,twintails-tqhq76.jpg,1R7YCW1Z3nxaq907SweOJQO_N5qfGhywh
Animewallpaper-xskq2x.jpg,1VI08V5ZfHObEwfLi_ns-AKTGJE7mW_Oo,Animewallpaper-rdwwfwetilk91.jpg,1DBxhbQPL8Dh-gA7K97ax6RO5G-gpzBTT
awwnime-xgqcwb.jpg,1vfmwgGHFdmG1tjZHhYHXFkygOkuo8vtf,fantasymoe-pcvaho.jpg,1GjFSsV_AVu4m7FsMYHOo0evP8cqxj1qc
Animewallpaper-xb5447.jpg,1o2gjiZnFFAOznp1AEcewAlYcUOx0DZel,streetmoe-qjnso6.jpg,1cKDti6HOcf5r5Kbu-CaPg3lO9qvOlUwN
streetmoe-u9ggy0.jpg,1LJEYe5DOlPmZpDytQOHSF-DR8hH0xLJ4,streetmoe_1l25a3n.jpeg,14EHDYvuldEA8qKJGF_Ql_UUCUDIEreDK
longhairedwaifus-ts5z8y.jpg,1V5dIgu0LaXQVz7N_MuRB1dMCM7u9y0WP,awwnime_1hp83nt.jpeg,119dHw1GXUqRsKfn4-l7aWE9oapVyH_dR
longhairedwaifus-tg0uj0.jpg,1jOfpT_iZCVM2udCL2AjP8p45yD55wUG8,Animewallpaper-td3gy5.jpg,1QMLPQYZ5Hgyjd_wdEnjIacVovrX-i0Qy
ZettaiRyouiki-t41adk.jpg,1xdD4XGK67sE3CtHInpKUl04mmV5lFZWD,AnimeHoodies_1mk9xcb.jpeg,10y3ock-y9Et9gOj0mb1bi1IJv8rTvszJ
RDT_20210606_1618391287527985.jpg,11qK-1pt_HSbwU70eYEllVl-mUnWegqcC,RDT_20210516_161855445710191jpg,1nncPY3J4R6qehkhD1Cykgp4fYo896IEk
awwnime_1hyvto2.jpeg,16hCcKpaO6jj12wqdN-nj7pxLbZvBvnr-,awwnime_1ikq2fl.jpeg,1U6m2crggmp7LiYAQzeyYlqRBO9N1WcAM
silverhair_1ib136f.jpeg,1eezzF7hrJghJyEGwCBWTsM2BbzLq8auj,awwnime_1i8mldl.png,1U2wnpWQUhajCxhREix2Dyz-h0wVFRv_E
AnimeHoodies_1i1jji5.jpeg,1EkfO2Q4ZxHIBPZNi8vZYUIOiCjK8zIVD,AnimeHoodies_1igxbf6.png,1-lnd2r4hI5roAE5FRcTVuNwbAzHi7GhK
winterwaifus_1jlezix.jpeg,1EMqa2HxC1V_kwq-DINQLczx8GLI2ccEJ,streetmoe_1nijrta.png,1kOH7Q95Z64pXposSKWvD37TH9BaT_O3o
Idolmaster_Fanart_1jgva31.jpeg,1Ph4ioAUMnBOI9B3Ow3EYTAFo9xKhBSfG,awwnime_1kovicd.png,1uHwzR19KGXiVCwS8F7-pWfU_gkdJAM-J
streetmoe_1jyqwho.jpeg,1OIvFAkH5gAlk-eQbSszqhuqaSMNfe_kl,streetmoe_1lqt467.jpeg,1M1kuQBLp1npB1wamFb2TB-j4g4n34j4j
awwnime_1kou7z5.jpeg,1IeJRVyK1tPj5agv0xSuFXDCvADuynb8L,fantasymoe_1kppkib.jpeg,1Nr4Bd7yZQ4BdG1v4T2AitYy39ycKoEKa
streetmoe_1kpqszr.jpeg,1boWFCxhXC2zlrpt16g3AzMa9rZSfKWlc,streetmoe_1m317og.jpeg,1qMu5FrClHC5UJiE6E85bxERbjtj6OLkN
streetmoe_1lw8uta.jpeg,15o4Kqcd9brDI94DF4Z2_TKD_KfohcEuX,streetmoe_1lluagm.jpeg,1O6861fhkYZ0crTxZpn2tPe0zWlbTnRaZ
streetmoe_1lw8uta.jpeg,15o4Kqcd9brDI94DF4Z2_TKD_KfohcEuX,streetmoe_1neojo5.jpeg,1MXYB9Ppq_D16q0TU_anwG02zNbS7oNPH
streetmoe_1ly0vf3.jpeg,1FECZQsRoTP1gb1YEHOk3vc6cgvDPtDZi,streetmoe_1njaew6.jpeg,1Mipvl56khVCMqY4Fjd1zPKXbr4-O5Dj2
streetmoe_1lrobol.png,1dv0qwzg2PKPHD-r3nZ3yLhkTEBf0IvqQ,streetmoe_1mmyydv.jpeg,1FEQ6DUlhGtpXT0jbAn_c2yYl1F3cxV8Y
streetmoe_1lluagm.jpeg,1O6861fhkYZ0crTxZpn2tPe0zWlbTnRaZ,streetmoe_1neojo5.jpeg,1MXYB9Ppq_D16q0TU_anwG02zNbS7oNPH
awenime_1m8uo2q.jpeg,1_TAPnzLredFr237OIItY-ceJsMCBSiLL,fantasymoe_1ms8t4t.jpeg,1hske8iwTiiRYrBPfiUd_VXRb1Yn95ni4
streetmoe_1mo81ec.jpeg,1TDVQABexnDYDBO6qlkbNaHzOTH55LFhX,streetmoe_1mzcxbc.jpeg,1k_q-0C3ETits2jb398aacHyYLyVLkPIM
MoeStash_1mqflxr.jpeg,15hmC7x3ghE-VMwa4ED9dnn2dpAyWEy_Y,fantasymoe_1n4khvk.jpeg,10M1Ee_kMz6pc8uPzBD4sEAnzm6FwGF8S
MoeStash_1nbgd6m.jpeg,1lX616qWWp8zX_y-c-YRDuDlkfNCTqgTw,awenime_1napme3.jpeg,1hp67ZhUPzAmUWsoSUEifCNGQbgJEFsDk
